Title,Company,Location,Remote,YOE_Min,YOE_Max,Date_Posted,Source,Needs_Verification,Apply_URL
Frontend Development (React / TypeScript),100 Cofounders Lab LLP (mTote Analytics),"Jaipur, Rajasthan",,1,2,,Google Jobs,,https://www.foundit.in/job/frontend-development-react-typescript-100-cofounders-lab-llp-jaipur-57725628
Frontend Developer,Advance analytics (via HR BIZ HUB),Indore,,1,2,,csv-import (Naukri/LinkedIn/Cutshort/Glassdoor via prior scrape),Yes,https://cutshort.io/job/Frontend-Developer-Indore-HR-BIZ-HUB-6gQWDucs
React JS Developer,Advantal Technologies,Indore,,2,3,,csv-import (Naukri/LinkedIn/Cutshort/Glassdoor via prior scrape),Yes,"https://www.naukri.com/job-listings-react-js-developer-advantal-technologies-indore-2-to-3-years-230626505903 ""React JS Developer"""
React JS Developer,Advantal Technologies,Indore,,2,3,,csv-import (Naukri/LinkedIn/Cutshort/Glassdoor via prior scrape),Yes,https://www.naukri.com/job-listings-react-js-developer-advantal-technologies-indore-2-to-3-years-230626505903
React Developer,Agreem Technologies,"Ahmedabad, Gujarat",,1,5,,Google Jobs,,https://cutshort.io/job/React-Developer-Ahmedabad-Agreem-Technologies-h6hIu8e3?utm_campaign=google_jobs_apply&utm_source=google_jobs_apply&utm_medium=organic
Frontend Developer,Alphawizz Technologies Pvt. Ltd.,Indore,,,,,csv-import (Naukri/LinkedIn/Cutshort/Glassdoor via prior scrape),Yes,https://www.linkedin.com/posts/muskan-chourasiya-51833a358_hiring-frontenddeveloper-indorejobs-activity-7421904363180449792-AjyE
Frontend Developer @Aretum,Aretum,Remote Worldwide,Yes,,,,csv-import (Naukri/LinkedIn/Cutshort/Glassdoor via prior scrape),Yes,https://remotive.com/remote/jobs/software-development/frontend-developer-5394449
React Developer @Aspire,Aspire,Remote Worldwide,Yes,,,,csv-import (Naukri/LinkedIn/Cutshort/Glassdoor via prior scrape),Yes,https://remotive.com/remote/jobs/software-development/react-developer-5285663
React JS Developer,Autuskey,Remote India,Yes,0,2,,csv-import (Naukri/LinkedIn/Cutshort/Glassdoor via prior scrape),Yes,https://www.naukri.com/job-listings-react-js-developer-autuskey-technology-development-pvt-ltd-pune-0-to-2-years-230323501236
Frontend Developer (React Js),Avanzar Solutions,"Ahmedabad, Gujarat",,,,,Google Jobs,,https://www.shine.com/jobs/frontend-developer-react-js/avanzar-solutions/19185380?utm_campaign=google_jobs_apply&utm_source=google_jobs_apply&utm_medium=organic
React Developer,Bamboo Works,Remote,Yes,1,5,,csv-import (Naukri/LinkedIn/Cutshort/Glassdoor via prior scrape),Yes,https://www.naukri.com/job-listings-react-developer-bamboo-works-remote-1-to-5-years-130726502447
React. JS Professionals,Bellway Infotech,Indore,,0,1,,csv-import (Naukri/LinkedIn/Cutshort/Glassdoor via prior scrape),Yes,https://www.naukri.com/job-listings-react-js-professionals-bellway-infotech-indore-0-to-1-years-021225505063
React. JS Professionals,Bellway Infotech,Indore,,0,1,,csv-import (Naukri/LinkedIn/Cutshort/Glassdoor via prior scrape),Yes,https://in.linkedin.com/company/bellwayinfotech
React.js Developer,Betsperts (via InvokHR),Indore,,,,,csv-import (Naukri/LinkedIn/Cutshort/Glassdoor via prior scrape),Yes,https://cutshort.io/job/React-js-Developer-Indore-InvokHR-OHU8ICOR
JavaScript Developer (React.js),By Stadium,Remote,Yes,,,,csv-import (Naukri/LinkedIn/Cutshort/Glassdoor via prior scrape),Yes,https://www.naukri.com/job-listings-javascript-developer-react-js-by-stadium-remote-2-to-7-years-200326503218
React Native Professional,Byte Web IT Solutions,Vadodara / remote listing,Yes,1,3,,csv-import (Naukri/LinkedIn/Cutshort/Glassdoor via prior scrape),Yes,https://www.naukri.com/job-listings-react-native-professional-byte-web-it-solutions-vadodara-1-to-3-years-200825504396
REACT NATIVE DEVELOPER - Jaipur - CODERS BRAIN,CODERS BRAIN,Jaipur,,1,3,,csv-import (Naukri/LinkedIn/Cutshort/Glassdoor via prior scrape),Yes,https://www.naukri.com/job-listings-react-native-developer-vardhaman-infotech-jaipur-1-to-3-years-280524501013
Frontend Developer,Careerswift,Remote - Worldwide,Yes,,,,csv-import (Naukri/LinkedIn/Cutshort/Glassdoor via prior scrape),Yes,https://remotive.com/remote/jobs/software-development/frontend-developer-4934227
Front End Developer (React.js Class Based),Celebal Technologies,"Jaipur, Rajasthan",,,,,Google Jobs,,https://www.shine.com/jobs/front-end-developer-reactjs-class-based/celebal-technologies/19188313?utm_campaign=google_jobs_apply&utm_source=google_jobs_apply&utm_medium=organic
React.js Developer,Ciphercru Innovation,Jaipur,,1,6,,csv-import (Naukri/LinkedIn/Cutshort/Glassdoor via prior scrape),Yes,https://www.naukri.com/job-listings-react-js-developer-ciphercru-jaipur-1-to-6-years-200226505600
React.js Developer,Ciphercru Innovation,Jaipur,,1,6,,csv-import (Naukri/LinkedIn/Cutshort/Glassdoor via prior scrape),Yes,https://in.linkedin.com/company/ciphercru-innovation-pvt-ltd
Frontend Developer,Clumpcoder,Indore,,0,1,,csv-import (Naukri/LinkedIn/Cutshort/Glassdoor via prior scrape),Yes,https://www.naukri.com/job-listings-frontend-developer-clumpcoder-indore-0-to-1-years-200126505068
Frontend Developer,Clumpcoder,Indore,,0,1,,csv-import (Naukri/LinkedIn/Cutshort/Glassdoor via prior scrape),Yes,https://in.linkedin.com/company/clumpcoder
Frontend Developer @Codekeeper,Codekeeper,Remote Worldwide,Yes,,,,csv-import (Naukri/LinkedIn/Cutshort/Glassdoor via prior scrape),Yes,https://remotive.com/remote/jobs/software-development/frontend-developer-5387544
React.js Intern - Indore - Codes For Tomorrow - 0 to 1 years ...,Codes For Tomorrow,Indore,,0,1,,csv-import (Naukri/LinkedIn/Cutshort/Glassdoor via prior scrape),Yes,https://www.naukri.com/job-listings-react-js-intern-codes-for-tomorrow-indore-0-to-1-years-280825502059
Front End Developer / Frontend Developer,Codescure Technologies Pvt. Ltd.,Indore,,,,,csv-import (Naukri/LinkedIn/Cutshort/Glassdoor via prior scrape),Yes,"https://www.glassdoor.co.in/job-listing/front-end-developer-codescure-technologies-pvt-ltd-JV_IC2876676_KO0,19_KE20,50.htm?jl=1010132890028"
Front End Developer / Frontend Developer,Codescure Technologies Pvt. Ltd.,Indore,,,,,csv-import (Naukri/LinkedIn/Cutshort/Glassdoor via prior scrape),Yes,https://in.linkedin.com/company/codescure-technologies
React Native Developer,Comfygen,Remote,Yes,1,3,,csv-import (Naukri/LinkedIn/Cutshort/Glassdoor via prior scrape),Yes,https://www.naukri.com/job-listings-react-native-developer-comfygen-remote-1-to-3-years-080623500036
React JS Developer,Conzura Soft Solutions,Remote,Yes,0,2,,csv-import (Naukri/LinkedIn/Cutshort/Glassdoor via prior scrape),Yes,https://www.naukri.com/job-listings-react-js-developer-conzura-soft-solutions-opc-bengaluru-0-to-2-years-090726017026
React JS Developer,Conzura Soft Solutions,Remote India,Yes,0,2,,csv-import (Naukri/LinkedIn/Cutshort/Glassdoor via prior scrape),Yes,https://in.linkedin.com/company/conzura-soft-solutions
Frontend Developer,Createbytes,Jaipur,,1,3,,csv-import (Naukri/LinkedIn/Cutshort/Glassdoor via prior scrape),Yes,https://www.naukri.com/job-listings-frontend-developer-createbytes-jaipur-1-to-3-years-221025507767
Frontend Developer,Createbytes,Jaipur,,1,3,,csv-import (Naukri/LinkedIn/Cutshort/Glassdoor via prior scrape),Yes,https://in.linkedin.com/company/createbytes
Software Engineer,Data Flair,Indore,,1,3,,csv-import (Naukri/LinkedIn/Cutshort/Glassdoor via prior scrape),Yes,"https://www.naukri.com/job-listings-software-engineer-dataflair-indore-1-to-3-years-111125501401 ""Software Engineer"""
Frontend Developer,DataFlair,Indore,,1,3,,csv-import (Naukri/LinkedIn/Cutshort/Glassdoor via prior scrape),Yes,https://www.naukri.com/job-listings-software-engineer-dataflair-indore-1-to-3-years-111125501401
ReactJS Developer,Deqode,"Jaipur, Rajasthan",,,,,Google Jobs,,https://cutshort.io/job/ReactJS-Developer-Jaipur-Deqode-hbajpqgw?utm_campaign=google_jobs_apply&utm_source=google_jobs_apply&utm_medium=organic
Front-End React Developer,Deutsche Telekom IT Solutions Slovakia,Remote - Slovakia,Yes,,,,csv-import (Naukri/LinkedIn/Cutshort/Glassdoor via prior scrape),Yes,https://remotive.com/remote/jobs/software-development/front-end-react-developer-5222069
React JS Developer,Dev Technosys,"Jaipur, Rajasthan",,,,,Google Jobs,,https://cutshort.io/job/React-JS-Developer-Jaipur-Dev-Technosys-Pvt-Ltd--UOcAcp04?utm_campaign=google_jobs_apply&utm_source=google_jobs_apply&utm_medium=organic
Front End - Developer,Developer,Jaipur,,1,5,,csv-import (Naukri/LinkedIn/Cutshort/Glassdoor via prior scrape),Yes,https://www.naukri.com/job-listings-front-end-developer-techqunba-solutions-jaipur-1-to-5-years-070225503568
Wordpress Designer/Developer/WordPress Front End Developer,Developer Bazaar Technologies,Indore,,,,,csv-import (Naukri/LinkedIn/Cutshort/Glassdoor via prior scrape),Yes,https://cutshort.io/job/Wordpress-Designer-Developer-WordPress-Front-End-Developer-Indore-Developer-Bazaar-Technologies-X96NEFzO
ReactJS Developer-- Pune,Diverse Lynx,Remote India,Yes,0,6,,csv-import (Naukri/LinkedIn/Cutshort/Glassdoor via prior scrape),Yes,https://www.naukri.com/job-listings-reactjs-developer-pune-diverse-lynx-pune-0-to-6-years-030826503568
Remote Full Stack React Developer - Dock,Dock,Remote Worldwide,Yes,,,,csv-import (Naukri/LinkedIn/Cutshort/Glassdoor via prior scrape),Yes,https://remoteok.com/remote-jobs/105799-remote-full-stack-react-developer-dock
Frontend Developer ( Next.Js + React.Js ) 3 Years ( SAAS ),Dreamcast UAE,"Jaipur, Rajasthan",,,,,Google Jobs,,https://in.jobrapido.com/jobpreview/6193816822685368320?utm_campaign=google_jobs_apply&utm_source=google_jobs_apply&utm_medium=organic
Frontend Developer,Eminence Infotech,Indore,,1,4,,csv-import (Naukri/LinkedIn/Cutshort/Glassdoor via prior scrape),Yes,"https://www.naukri.com/job-listings-frontend-developer-eminence-infotech-private-limited-indore-1-to-4-years-010724501206 ""Frontend Developer"""
Frontend Developer,Eminence Infotech,Indore,,1,4,,csv-import (Naukri/LinkedIn/Cutshort/Glassdoor via prior scrape),Yes,https://www.naukri.com/job-listings-frontend-developer-eminence-infotech-private-limited-indore-1-to-4-years-010724501206
Frontend Developer,Emproto Technologies Private Limited,Indore,,,,,csv-import (Naukri/LinkedIn/Cutshort/Glassdoor via prior scrape),Yes,https://cutshort.io/job/Frontend-Developer-Bengaluru-Bangalore-Chennai-Cochin-Coimbatore-Pune-Hyderabad-Vijayawada-Visakhapatnam-Haridwar-Hubli-Dharwad-Belgaum-Indore-Bhubaneswar-Patna-Bhopal-Bhilai-Emproto-Technologies-edRblbRq
Frontend Developer,EncoreSky,Indore,,1,3,,csv-import (Naukri/LinkedIn/Cutshort/Glassdoor via prior scrape),Yes,"https://www.naukri.com/job-listings-frontend-developer-encoresky-technologies-pvt-ltd-indore-1-to-3-years-150925503369 ""Frontend Developer"""
Frontend Developer,EncoreSky,Indore,,1,3,,csv-import (Naukri/LinkedIn/Cutshort/Glassdoor via prior scrape),Yes,https://www.naukri.com/job-listings-frontend-developer-encoresky-technologies-pvt-ltd-indore-1-to-3-years-150925503369
Software Engineer,Endeavor IT Solution,Indore,,2,3,,csv-import (Naukri/LinkedIn/Cutshort/Glassdoor via prior scrape),Yes,"https://www.naukri.com/job-listings-software-engineer-endeavor-it-solutions-indore-2-to-3-years-290626500336 ""Software Engineer"""
Fresher Front End Developer,Endeavor IT Solution,Indore,,0,1,,csv-import (Naukri/LinkedIn/Cutshort/Glassdoor via prior scrape),Yes,"https://www.naukri.com/job-listings-fresher-front-end-developer-endeavor-it-solutions-indore-0-to-1-years-300626502754 ""Fresher Front End Developer"""
Front End developers,Endeavor IT Solution,Indore,,0,2,,csv-import (Naukri/LinkedIn/Cutshort/Glassdoor via prior scrape),Yes,"https://www.naukri.com/job-listings-front-end-developers-endeavor-it-solutions-indore-0-to-2-years-290626502012 ""Front End developers"""
Front-end Developer - PHP,Endeavor IT Solution,Indore,,0,2,,csv-import (Naukri/LinkedIn/Cutshort/Glassdoor via prior scrape),Yes,"https://www.naukri.com/job-listings-front-end-developer-php-endeavor-it-solutions-indore-0-to-2-years-300626503547 ""Front-end Developer - PHP"""
Front-End Engineer,Endeavor IT Solution,Indore,,0,1,,csv-import (Naukri/LinkedIn/Cutshort/Glassdoor via prior scrape),Yes,"https://www.naukri.com/job-listings-front-end-engineer-endeavor-it-solutions-indore-0-to-1-years-300626503426 ""Front-End Engineer"""
"Software Engineer, Application Developer",Endeavor IT Solution,Indore,,0,2,,csv-import (Naukri/LinkedIn/Cutshort/Glassdoor via prior scrape),Yes,"https://www.naukri.com/job-listings-software-engineer-application-developer-endeavor-it-solutions-indore-0-to-2-years-290626502744 ""Software Engineer, Application Developer"""
Front-End Engineer,Endeavor IT Solutions,Indore,,0,1,,csv-import (Naukri/LinkedIn/Cutshort/Glassdoor via prior scrape),Yes,https://www.naukri.com/job-listings-front-end-engineer-endeavor-it-solutions-indore-0-to-1-years-300626503426
Front End developers,Endeavor IT Solutions,Indore,,0,2,,csv-import (Naukri/LinkedIn/Cutshort/Glassdoor via prior scrape),Yes,https://www.naukri.com/job-listings-front-end-developers-endeavor-it-solutions-indore-0-to-2-years-290626502012
Fresher Front End Developer,Endeavor IT Solutions,Indore,,0,1,,csv-import (Naukri/LinkedIn/Cutshort/Glassdoor via prior scrape),Yes,https://www.naukri.com/job-listings-fresher-front-end-developer-endeavor-it-solutions-indore-0-to-1-years-300626502754
Software Engineer,Endeavor IT Solutions,Indore,,2,3,,csv-import (Naukri/LinkedIn/Cutshort/Glassdoor via prior scrape),Yes,https://www.naukri.com/job-listings-software-engineer-endeavor-it-solutions-indore-2-to-3-years-290626500336
React.js / Svelte Engineer,Enthuziastic,Remote India,Yes,2,7,,csv-import (Naukri/LinkedIn/Cutshort/Glassdoor via prior scrape),Yes,https://www.naukri.com/job-listings-react-js-svelte-engineer-enthuziastic-remote-2-to-7-years-210323501151
FrontEnd Developer (React.Js),Espire Infolabs Private Limited,"Bangalore, Karnataka",,,,,Adzuna,Yes,https://www.adzuna.in/details/5796404182
Frontend Developer,Expertinaisa Pvt. Ltd.,Indore,,1,5,,csv-import (Naukri/LinkedIn/Cutshort/Glassdoor via prior scrape),Yes,https://cutshort.io/job/Frontend-Developer-Indore-Expertinaisa-Pvt-Ltd--gW7fAnX0
Frontend Developer @Expleo,Expleo,Remote Worldwide,Yes,,,,csv-import (Naukri/LinkedIn/Cutshort/Glassdoor via prior scrape),Yes,https://remotive.com/remote/jobs/software-development/frontend-developer-4608744
Frontend Developer,Famepilot,Remote India,Yes,0,2,,csv-import (Naukri/LinkedIn/Cutshort/Glassdoor via prior scrape),Yes,https://www.naukri.com/job-listings-frontend-developer-famepilot-internet-gurugram-0-to-2-years-140220500671
Web Developer (Remote) - Mumbai - Finlabs - 1 to 3 years ...,Finlabs,Remote India,Yes,1,3,,csv-import (Naukri/LinkedIn/Cutshort/Glassdoor via prior scrape),Yes,https://www.naukri.com/job-listings-web-developer-remote-finlabsindia-mumbai-1-to-3-years-070826500713
फ्रंटएंड डेवलपर (Angular / React),Finova Global Private Limited,"Jaipur, Rajasthan",,,,,Google Jobs,,https://www.jobhai.com/hi/it-software-data-analyst-frontend-developer-angular-react-job-in-finova-global-private-limited-sirsi-road-jaipur-0-to-1-years-1781174754-7796402-jid?utm_campaign=google_jobs_apply&utm_source=google_jobs_apply&utm_medium=organic
Application Developer - Front End \| ReactJS + TypeScript,Front End \| ReactJS + TypeScript,Remote India,Yes,0,2,,csv-import (Naukri/LinkedIn/Cutshort/Glassdoor via prior scrape),Yes,https://www.naukri.com/job-listings-application-developer-front-end-reactjs-typescript-brigosha-technologies-bengaluru-0-to-2-years-030826504655
Next.js Developer,Fulminous Software,"Jaipur, Rajasthan",,,,,Google Jobs,Yes,https://www.adzuna.in/details/5812179951
Front-end Developer,Fxbytes technologies,Indore,,,,,csv-import (Naukri/LinkedIn/Cutshort/Glassdoor via prior scrape),Yes,https://cutshort.io/job/Front-end-Developer-Vijay-Nagar-Indore-Fxbytes-technologies-DZuXmXFo
React Js Developer,Gammastack,Indore,,1,4,,csv-import (Naukri/LinkedIn/Cutshort/Glassdoor via prior scrape),Yes,https://www.naukri.com/job-listings-react-js-developer-gammastack-indore-1-to-4-years-210823500187
React Js Developer,Gammastack,Indore,,1,4,,csv-import (Naukri/LinkedIn/Cutshort/Glassdoor via prior scrape),Yes,https://in.linkedin.com/company/gammastack
Frontend Developer (React & React Native),GoInstaCare,"Indore, Madhya Pradesh",,,,,Google Jobs,,https://getmereferred.com/in/job-listing/frontend-developer-react-react-native-goinstacare-inmpindore-2-to-5-years-experience-f2ed32c0-1488-4cd6-b0a0-60a966e4bcc8?utm_campaign=google_jobs_apply&utm_source=google_jobs_apply&utm_medium=organic
Mid-Sr React/Redux FrontEnd Developer @Govcio ...,Govcio ...,Remote Worldwide,Yes,,,,csv-import (Naukri/LinkedIn/Cutshort/Glassdoor via prior scrape),Yes,https://remotive.com/remote/jobs/software-development/mid-sr-react-redux-frontend-developer-5047344
React/Redux Frontend Developer @Govcio LLC,Govcio LLC,Remote Worldwide,Yes,,,,csv-import (Naukri/LinkedIn/Cutshort/Glassdoor via prior scrape),Yes,https://remotive.com/remote/jobs/software-development/react-redux-frontend-developer-5325795
React JS Developer,Grazign,Remote India,Yes,0,1,,csv-import (Naukri/LinkedIn/Cutshort/Glassdoor via prior scrape),Yes,https://www.naukri.com/job-listings-react-js-developer-analects-technologies-pvt-ltd-pune-0-to-1-years-160524501769
Junior Frontend Developer Consultant,Guidewire Software,Remote - Germany,Yes,1,2,,csv-import (Naukri/LinkedIn/Cutshort/Glassdoor via prior scrape),Yes,https://wd5.myworkdaysite.com/recruiting/guidewire/external/job/Germany---Remote/Digital-Architect--German-speaking-_JR_14266
Frontend Developer (Reactjs) | Indore,Gyrix TechnoLabs LLP,"Indore, Madhya Pradesh",,1,7,,Google Jobs,,https://cutshort.io/job/Frontend-Developer-Reactjs-Indore-Indore-Gyrix-TechnoLabs-LLP-tdg502lN?utm_campaign=google_jobs_apply&utm_source=google_jobs_apply&utm_medium=organic
Frontend Developer @Halo Media,Halo Media,Remote Worldwide,Yes,,,,csv-import (Naukri/LinkedIn/Cutshort/Glassdoor via prior scrape),Yes,https://remotive.com/remote/jobs/software-development/frontend-developer-5447215
Hybrid Developer (react native developer),HippoCabs,"Jaipur, Rajasthan",,1,,,Google Jobs,,https://cutshort.io/job/Hybrid-Developer-react-native-developer-Jaipur-Hippocabs-p3dl1HdE
Vue.js Developer,Ignis IT Solutions,Indore,,1,3,,csv-import (Naukri/LinkedIn/Cutshort/Glassdoor via prior scrape),Yes,"https://www.naukri.com/job-listings-vue-js-developer-ignis-it-solutions-indore-1-to-3-years-290626505684 ""Vue.js Developer"""
Vue.js Developer,Ignis IT Solutions,Indore,,1,3,,csv-import (Naukri/LinkedIn/Cutshort/Glassdoor via prior scrape),Yes,https://www.naukri.com/job-listings-vue-js-developer-ignis-it-solutions-indore-1-to-3-years-290626505684
Frontend Developer,Imentus Technologies,Indore,,1,2,,csv-import (Naukri/LinkedIn/Cutshort/Glassdoor via prior scrape),Yes,https://www.naukri.com/job-listings-frontend-developer-imentus-technologies-indore-1-to-2-years-301025503312
React Native Developer - Jaipur - In Time Tec - 2 to 3 years ...,In Time Tec,Jaipur,,2,3,,csv-import (Naukri/LinkedIn/Cutshort/Glassdoor via prior scrape),Yes,https://www.naukri.com/job-listings-react-native-developer-intimetec-visionsoft-pvt-ltd-jaipur-2-to-3-years-260626503703
Frontend & Backend professional - Jaipur - JPR Systems,JPR Systems,Jaipur,,,,,csv-import (Naukri/LinkedIn/Cutshort/Glassdoor via prior scrape),Yes,https://www.naukri.com/job-listings-120925502406
React Developer,Jmbliss IT Solutions,Indore,,0,1,,csv-import (Naukri/LinkedIn/Cutshort/Glassdoor via prior scrape),Yes,https://www.naukri.com/job-listings-react-developer-jmbliss-it-solutions-indore-0-to-1-years-240626506054
Front End Developer,Jmbliss IT Solutions,Indore,,0,1,,csv-import (Naukri/LinkedIn/Cutshort/Glassdoor via prior scrape),Yes,https://www.naukri.com/job-listings-front-end-developer-jmbliss-it-solutions-indore-0-to-1-years-301025503065
Front End Developer,Jmbliss IT Solutions,Indore,,0,1,,csv-import (Naukri/LinkedIn/Cutshort/Glassdoor via prior scrape),Yes,https://in.linkedin.com/company/jmbliss-it-solutions
AEM Frontend Developer - at Kanerika Software,Kanerika Software,Indore,,,,,csv-import (Naukri/LinkedIn/Cutshort/Glassdoor via prior scrape),Yes,https://cutshort.io/job/AEM-Frontend-Developer-Hyderabad-Ahmedabad-Indore-Risk-Resources-LLP-hyd-68Zsfk5N
React Developer - Front End Development,Keyideas,Anywhere,Yes,,,,Google Jobs,,https://www.keyideasinfotech.com/careers/react-developer/?utm_campaign=google_jobs_apply&utm_source=google_jobs_apply&utm_medium=organic
Frontend Developer @Khibraty,Khibraty,Remote Worldwide,Yes,,,,csv-import (Naukri/LinkedIn/Cutshort/Glassdoor via prior scrape),Yes,https://remotive.com/remote/jobs/software-development/frontend-developer-4641146
Front End Developer React,Kodify,Remote EU only,Yes,,,,csv-import (Naukri/LinkedIn/Cutshort/Glassdoor via prior scrape),Yes,https://remoteok.com/remote-jobs/66109-remote-frontend-developer-react-kodify
React JS Developer,Kpis,Jaipur,,1,6,,csv-import (Naukri/LinkedIn/Cutshort/Glassdoor via prior scrape),Yes,https://www.naukri.com/job-listings-react-js-developer-krishna-padam-it-solutions-jaipur-1-to-6-years-290523500796
Frontend Developer @Lucky Rabbit,Lucky Rabbit,Remote Worldwide,Yes,,,,csv-import (Naukri/LinkedIn/Cutshort/Glassdoor via prior scrape),Yes,https://remotive.com/remote/jobs/software-development/frontend-developer-5237450
Full Stack Engineer - Lv 4 / Java + JavaScript,Lv 4 / Java + JavaScript,Remote Worldwide,Yes,,,,csv-import (Naukri/LinkedIn/Cutshort/Glassdoor via prior scrape),Yes,https://weworkremotely.com/remote-jobs/confiz-full-stack-engineer-lv-4-java-javascript
Web Developer,Major Life Style,Jaipur,,1,3,,csv-import (Naukri/LinkedIn/Cutshort/Glassdoor via prior scrape),Yes,https://www.naukri.com/job-listings-web-developer-major-group-jaipur-1-to-3-years-170726910565
Fresher Front End Developer - Indore - Mantra Media,Mantra Media,Indore,,0,1,,csv-import (Naukri/LinkedIn/Cutshort/Glassdoor via prior scrape),Yes,https://www.naukri.com/job-listings-fresher-front-end-developer-mantra-media-pvt-ltd-indore-0-to-1-years-290420500565
Frontend Developer React,MarketBeam,"Indore, Madhya Pradesh",,2,5,,Google Jobs,,https://getmereferred.com/job-listing/frontend-developer-react-marketbeam-indore-2-to-5-years-experience-ee45899b-3272-4851-9de6-9877384aed21?utm_campaign=google_jobs_apply&utm_source=google_jobs_apply&utm_medium=organic
Frontend Developer,Maven Cluster,Indore,,1,3,,csv-import (Naukri/LinkedIn/Cutshort/Glassdoor via prior scrape),Yes,https://www.naukri.com/job-listings-node-js-developer-maven-cluster-indore-1-to-3-years-260923500857
Frontend Developer (Coding Agent Experience),Mercor,Remote - Worldwide,Yes,,,,csv-import (Naukri/LinkedIn/Cutshort/Glassdoor via prior scrape),Yes,https://www.careers-page.com/mercor/job/8X93RY8V?utm_medium=free_job_board&utm_source=remotiveio
Frontend Developer (Coding Agent Experience),Mercor,Remote India,Yes,,,,csv-import (Naukri/LinkedIn/Cutshort/Glassdoor via prior scrape),Yes,https://www.linkedin.com/company/mercor-ai
React Developer - MobileFirst Applications Private Limited,MobileFirst Applications Private Limited,Indore,,,,,csv-import (Naukri/LinkedIn/Cutshort/Glassdoor via prior scrape),Yes,https://cutshort.io/job/React-Developer-Ahmedabad-Indore-Allahabad-Nashik-Rajkot-Vadodara-MobileFirst-Applications-Private-Limited-fjFsBwcL
React.js Developer,MoreYeahs,Indore,,,,,csv-import (Naukri/LinkedIn/Cutshort/Glassdoor via prior scrape),Yes,https://cutshort.io/job/React-js-Developer-Indore-MoreYeahs-Inc--rWbo77kW
Frontend Developer Intern,MotionGility,Indore,,,,,csv-import (Naukri/LinkedIn/Cutshort/Glassdoor via prior scrape),Yes,https://cutshort.io/job/Frontend-Developer-intern-Indore-MotionGility-obamFnQx
PHP and React Developer (Contract),Mounterra Innovations,"Bhopal, Madhya Pradesh (Remote)",Yes,1,3,,Google Jobs,,https://www.kitjob.in/job/302539662/php-and-react-developer-bhopal
React Native Developer - Jaipur - NOI Technologies,NOI Technologies,Jaipur,,1,3,,csv-import (Naukri/LinkedIn/Cutshort/Glassdoor via prior scrape),Yes,https://www.naukri.com/job-listings-react-native-developer-noi-technologies-jaipur-1-to-3-years-300420501083
React.js Developer - at NeoSoft Technologies,NeoSoft Technologies,Indore,,,,,csv-import (Naukri/LinkedIn/Cutshort/Glassdoor via prior scrape),Yes,https://cutshort.io/job/React-js-Developer-Mumbai-Pune-Ahmedabad-Bengaluru-Bangalore-Indore-Chennai-NeoSOFT-Technologies-um0U2Ac5
SDE I Frontend,Netomi,Remote,Yes,1,3,,csv-import (Naukri/LinkedIn/Cutshort/Glassdoor via prior scrape),Yes,https://www.naukri.com/job-listings-sde-i-frontend-netomi-remote-1-to-3-years-230626506865
React Developer @Neurocom SA Athens,Neurocom SA Athens,Remote Worldwide,Yes,,,,csv-import (Naukri/LinkedIn/Cutshort/Glassdoor via prior scrape),Yes,https://remotive.com/remote/jobs/software-development/react-developer-5188632
React.js Developer,NewRise Technosys PvtLtd,"Bhopal, Madhya Pradesh",,,,,Google Jobs,,https://cutshort.io/job/React-js-Developer-Bhopal-M-P-Bhopal-NewRise-Technosys-PvtLtd-YsfISDrm?utm_campaign=google_jobs_apply&utm_source=google_jobs_apply&utm_medium=organic
Frontend Developer Intern - Indore - Nextloop Technologies,Nextloop Technologies,Indore,,0,1,,csv-import (Naukri/LinkedIn/Cutshort/Glassdoor via prior scrape),Yes,https://www.naukri.com/job-listings-frontend-developer-intern-nextloop-technologies-llp-indore-0-to-1-years-090726507038
AI - Driven FrontEnd Developer @Nortal,Nortal,Remote Worldwide,Yes,,,,csv-import (Naukri/LinkedIn/Cutshort/Glassdoor via prior scrape),Yes,https://remotive.com/remote/jobs/software-development/ai-driven-frontend-developer-4934892
Frontend Developer (React.js / Vue.js),NowOnline Tech India Private Limited,"Gandhinagar, Gujarat",,,,,Google Jobs,,https://talenthivenetwork.com/jobs/job-listings-frontend-developer-reactjs-vuejs-nowonline-tech-india-private-limited-gandhinagar-2-to-5-years-frontend-developer-reactjs-vuejs-thn3780999?utm_campaign=google_jobs_apply&utm_source=google_jobs_apply&utm_medium=organic
Web Developer,Onepixel Soft,Jaipur,,2,7,,csv-import (Naukri/LinkedIn/Cutshort/Glassdoor via prior scrape),Yes,https://www.naukri.com/job-listings-web-developer-onepixel-soft-pvt-ltd-jaipur-2-to-7-years-230626506187
"Frontend UI Developer, React/Next/Svelte (Part‑Time)",OpenTrain AI,Anywhere,Yes,,,,Google Jobs,,https://www.opentrain.ai/jobs/frontend-ui-developer-2-4-yrs-react-angular-next-js-svelte-strong-css-and-ux--1759728110512x239555781349605380/?utm_campaign=google_jobs_apply&utm_source=google_jobs_apply&utm_medium=organic
React Developer - Remote (Part time),OpenWifi Labs Pvt Ltd,Anywhere,Yes,,,,Google Jobs,,https://www.adzuna.in/details/5498363387?utm_campaign=google_jobs_apply&utm_source=google_jobs_apply&utm_medium=organic
React native - Developer,Ozlo It Services,Indore,,0,2,,csv-import (Naukri/LinkedIn/Cutshort/Glassdoor via prior scrape),Yes,"https://www.naukri.com/job-listings-react-native-developer-ozlo-it-services-pvt-ltd-indore-0-to-2-years-270524500010 ""React native - Developer"""
Frontend Developer,Paliwal Infotech,Jaipur,,1,3,,csv-import (Naukri/LinkedIn/Cutshort/Glassdoor via prior scrape),Yes,https://www.naukri.com/job-listings-frontend-developer-paliwal-infotech-jaipur-1-to-3-years-070526501467
Frontend Developer (React) @Photon,Photon,Remote Worldwide,Yes,,,,csv-import (Naukri/LinkedIn/Cutshort/Glassdoor via prior scrape),Yes,https://remotive.com/remote/jobs/software-development/frontend-developer-react-5198322
React JS Developer,Pinesucceed Technologies,Jaipur,,1,4,,csv-import (Naukri/LinkedIn/Cutshort/Glassdoor via prior scrape),Yes,https://www.naukri.com/job-listings-react-js-developer-pinesucceed-technologies-jaipur-1-to-4-years-070224501351
React JS Developer,Pinesucceed Technologies,Jaipur,,1,4,,csv-import (Naukri/LinkedIn/Cutshort/Glassdoor via prior scrape),Yes,https://in.linkedin.com/company/pinesucceed
React Native Developer - Jaipur - Pixel Point Technology,Pixel Point Technology,Jaipur,,1,3,,csv-import (Naukri/LinkedIn/Cutshort/Glassdoor via prior scrape),Yes,https://www.naukri.com/job-listings-react-native-developer-pixel-point-technology-jaipur-1-to-3-years-101121500898
React Sorcerer (Remote Frontend Software Engineer),Portle,Remote only,Yes,1,4,,csv-import (Naukri/LinkedIn/Cutshort/Glassdoor via prior scrape),Yes,https://cutshort.io/job/React-Sorcerer-Remote-Frontend-Software-Engineer-Portle-alyy3OKE
React Sorcerer (Remote Frontend Software Engineer),Portle,Remote India,Yes,1,4,,csv-import (Naukri/LinkedIn/Cutshort/Glassdoor via prior scrape),Yes,https://www.linkedin.com/company/portle
FULL TIME: Software Engineer Position - React and Rest,React and Rest,Remote Worldwide,Yes,,,,csv-import (Naukri/LinkedIn/Cutshort/Glassdoor via prior scrape),Yes,https://weworkremotely.com/remote-jobs/yooli-full-time-software-engineer-position-react-and-rest-1
Front-End Developer,Sageties Marketing Solutions Pvt. Ltd.,Indore,,0,4,,csv-import (Naukri/LinkedIn/Cutshort/Glassdoor via prior scrape),Yes,https://www.naukri.com/job-listings-front-end-developer-sageties-marketing-solutions-pvt-ltd-indore-0-to-4-years-210824502620
Frontend Developer - Indore - Samyak Computer Classes,Samyak Computer Classes,Indore,,,,,csv-import (Naukri/LinkedIn/Cutshort/Glassdoor via prior scrape),Yes,https://www.naukri.com/job-listings-100625501529
Frontend Developer,Samyak Computer Classes,Indore,,0,3,,csv-import (Naukri/LinkedIn/Cutshort/Glassdoor via prior scrape),Yes,"https://www.naukri.com/job-listings-frontend-developer-samyak-computer-classes-indore-0-to-3-years-100625501529 ""Frontend Developer"""
Frontend Developer,Samyak Computer Classes,Indore,,0,3,,csv-import (Naukri/LinkedIn/Cutshort/Glassdoor via prior scrape),Yes,https://www.naukri.com/job-listings-frontend-developer-samyak-computer-classes-indore-0-to-3-years-100625501529
React Native Developer - Indore - Signimus - 1 to 3 years ...,Signimus,Indore,,1,3,,csv-import (Naukri/LinkedIn/Cutshort/Glassdoor via prior scrape),Yes,https://www.naukri.com/job-listings-react-native-developer-signimus-indore-1-to-3-years-071222501039
Frontend Developer ( Angular / React ),Sixsigma Cloud Solutions,"Ahmedabad, Gujarat",,,,,Google Jobs,,https://bebee.com/in/jobs/frontend-developer-angular-react-sixsigma-cloud-solutions-ahmedabad--theirstack-736799560?utm_campaign=google_jobs_apply&utm_source=google_jobs_apply&utm_medium=organic
"Frontend Developer (React, NextJS, Tailwind)",StrategyConnect,Anywhere,Yes,,,,Google Jobs,,https://www.adzuna.in/details/4786290253?utm_campaign=google_jobs_apply&utm_source=google_jobs_apply&utm_medium=organic
Frontend Developer,Synthio Labs,Remote - India,Yes,1,2,,csv-import (Naukri/LinkedIn/Cutshort/Glassdoor via prior scrape),Yes,https://jobs.gem.com/synthio-labs/am9icG9zdDqVVfIOEM3wq3JHKg2197Ft
Full‑Stack Developer (React + NodeJS + PostgreSQL),TM Systems,"Ahmedabad, Gujarat",,,,,Google Jobs,,https://in.linkedin.com/jobs/view/full%E2%80%91stack-developer-react-%2B-nodejs-%2B-postgresql-at-tm-systems-4426470875?utm_campaign=google_jobs_apply&utm_source=google_jobs_apply&utm_medium=organic
React.js Developer,TechMayntra IT Solutions,"Ahmedabad, Gujarat",,2,,,Google Jobs,,https://techmayntra.com/jobs/react-js-developer/
REACT DEVELOPER,Technogiq IT Solutions Pvt. Ltd.,Indore,,1,2,,csv-import (Naukri/LinkedIn/Cutshort/Glassdoor via prior scrape),Yes,https://www.naukri.com/job-listings-react-developer-technogiq-it-solutions-pvt-ltd-indore-1-to-2-years-240726501878
REACT DEVELOPER,Technogiq IT Solutions Pvt. Ltd.,Indore,,1,2,,csv-import (Naukri/LinkedIn/Cutshort/Glassdoor via prior scrape),Yes,https://in.linkedin.com/company/technogiq-it-solutions-pvt-ltd
React JS/Angular JS/Front End Developer,Telsys Web Infotech,"Jaipur, Rajasthan",,1,,,Google Jobs,,"https://www.glassdoor.co.in/job-listing/react-js-angular-js-front-end-developer-telsys-web-infotech-JV_IC2942216_KO0,39_KE40,59.htm?jl=1008290808861"
ReactJS Developer,Terbaiks Innovative Solutions,Indore,,1,3,,csv-import (Naukri/LinkedIn/Cutshort/Glassdoor via prior scrape),Yes,"https://www.naukri.com/job-listings-reactjs-developer-terbaiks-innovative-solutions-llp-indore-1-to-3-years-250325503447 ""ReactJS Developer"""
Node . js Developer,Terbaiks Innovative Solutions,Indore,,1,3,,csv-import (Naukri/LinkedIn/Cutshort/Glassdoor via prior scrape),Yes,"https://www.naukri.com/job-listings-node-js-developer-terbaiks-innovative-solutions-llp-indore-1-to-3-years-250325503445 ""Node . js Developer"""
Node . js Developer,Terbaiks Innovative Solutions,Indore,,1,3,,csv-import (Naukri/LinkedIn/Cutshort/Glassdoor via prior scrape),Yes,https://www.naukri.com/job-listings-node-js-developer-terbaiks-innovative-solutions-llp-indore-1-to-3-years-250325503445
ReactJS Developer,Terbaiks Innovative Solutions LLP,Indore,,1,3,,csv-import (Naukri/LinkedIn/Cutshort/Glassdoor via prior scrape),Yes,https://www.naukri.com/job-listings-reactjs-developer-terbaiks-innovative-solutions-llp-indore-1-to-3-years-250325503447
ReactJS Developer,Terbaiks Innovative Solutions LLP,Indore,,1,3,,csv-import (Naukri/LinkedIn/Cutshort/Glassdoor via prior scrape),Yes,https://in.linkedin.com/company/terbaiks
.Net react Developer @Texas State Library and ...,Texas State Library and ...,Remote Worldwide,Yes,,,,csv-import (Naukri/LinkedIn/Cutshort/Glassdoor via prior scrape),Yes,https://remotive.com/remote/jobs/software-development/net-react-developer-5431185
Junior Next JS Developer / React.js Next.js Developer,ThinkDebug,Indore,,,,,csv-import (Naukri/LinkedIn/Cutshort/Glassdoor via prior scrape),Yes,"https://www.glassdoor.co.in/job-listing/junior-next-js-developer-thinkdebug-JV_KO0,24_KE25,35.htm?jl=1010198215616"
Junior Next JS Developer / React.js Next.js Developer,ThinkDebug,Indore,,,,,csv-import (Naukri/LinkedIn/Cutshort/Glassdoor via prior scrape),Yes,https://in.linkedin.com/company/thinkdebug
Frontend Developer @Third and Grove,Third and Grove,Remote Worldwide,Yes,,,,csv-import (Naukri/LinkedIn/Cutshort/Glassdoor via prior scrape),Yes,https://remotive.com/remote/jobs/software-development/frontend-developer-5081619
Full Stack JS Developer,Trioocean Techchonologies,Indore,,2,6,,csv-import (Naukri/LinkedIn/Cutshort/Glassdoor via prior scrape),Yes,https://www.naukri.com/job-listings-full-stack-js-developer-trioocean-techchonologies-indore-2-to-6-years-190625504054
React Developer - Jaipur - Uddan Promotions - 2 to 3 years ...,Uddan Promotions,Jaipur,,2,3,,csv-import (Naukri/LinkedIn/Cutshort/Glassdoor via prior scrape),Yes,https://www.naukri.com/job-listings-070826502302
React & Angular Developer,Unknown (Pari Gangrade post),Indore,,,,,csv-import (Naukri/LinkedIn/Cutshort/Glassdoor via prior scrape),Yes,https://www.linkedin.com/posts/pari-gangrade-5337b4173_hiring-reactjs-angular-activity-7479831030498070528-8Htl
React JS Developer,V7 Infotech,"Jaipur, Rajasthan",,,,,Google Jobs,Yes,"https://www.glassdoor.co.in/job-listing/react-js-developer-v7-infotech-JV_IC2942216_KO0,18_KE19,30.htm?jl=1007771049964"
Frontend Developer (React/Vue),Vebbly,Remote,Yes,0,5,,csv-import (Naukri/LinkedIn/Cutshort/Glassdoor via prior scrape),Yes,https://www.naukri.com/job-listings-frontend-developer-react-vue-vebbly-remote-0-to-5-years-290626504849
Frontend Developer (React/Vue),Vebbly,Remote India,Yes,0,5,,csv-import (Naukri/LinkedIn/Cutshort/Glassdoor via prior scrape),Yes,https://www.linkedin.com/company/vebbly
Frontend Developer - Jaipur - Vinkon Technologies - 2 to 7 ...,Vinkon Technologies,Jaipur,,2,7,,csv-import (Naukri/LinkedIn/Cutshort/Glassdoor via prior scrape),Yes,https://www.naukri.com/job-listings-frontend-developer-vinkon-jaipur-2-to-7-years-190626500798
MERN Stack Developer - - Vinnovate Technologies - 0 to 1 ...,Vinnovate Technologies,Remote,Yes,0,1,,csv-import (Naukri/LinkedIn/Cutshort/Glassdoor via prior scrape),Yes,https://www.naukri.com/job-listings-mern-stack-developer-vinnovate-technologies-remote-0-to-1-years-190525506139
Frontend Developer @Vrinda International,Vrinda International,Remote India,Yes,,,,csv-import (Naukri/LinkedIn/Cutshort/Glassdoor via prior scrape),Yes,https://remotive.com/remote/jobs/software-development/frontend-developer-4889809
Frontend Developer,WebWiders Software Solutions,Indore,,,,,csv-import (Naukri/LinkedIn/Cutshort/Glassdoor via prior scrape),Yes,https://www.linkedin.com/posts/webwiderssoftwaresolutions_hiring-frontenddeveloper-reactjs-activity-7444672126621741056-Y31i
MERN Stack Developer Intern - - Webarclight - 0 to 1 years ...,Webarclight,Remote,Yes,0,1,,csv-import (Naukri/LinkedIn/Cutshort/Glassdoor via prior scrape),Yes,https://www.naukri.com/job-listings-mern-stack-developer-intern-webarclight-remote-0-to-1-years-071125501518
Frontend Developer (Angular & React),Webs Optimization Software Solution,"Ahmedabad, Gujarat",,2,3,,Google Jobs,,https://www.simplyhired.co.in/job/FoVcFvrBFP-exvhT0kKN4Wv755kYDspyUHjsvH4xkr5E_XqetaX2gA
Frontend Developer @Weekday AI,Weekday AI,Remote Worldwide,Yes,,,,csv-import (Naukri/LinkedIn/Cutshort/Glassdoor via prior scrape),Yes,https://remotive.com/remote/jobs/software-development/frontend-developer-5247819
React Js Developer,Winlancer Technologies Pvt Ltd,Indore,,1,3,,csv-import (Naukri/LinkedIn/Cutshort/Glassdoor via prior scrape),Yes,https://cutshort.io/job/React-Js-Developer-Indore-Winlancers-Technologies-6Sb0Psfm
React Js Developer,Winlancer Technologies Pvt Ltd,Indore,,1,3,,csv-import (Naukri/LinkedIn/Cutshort/Glassdoor via prior scrape),Yes,https://in.linkedin.com/company/winlancer-technologies-pvt-ltd
React Native Developer - Indore - WitMates Technologies,WitMates Technologies,Indore,,0,2,,csv-import (Naukri/LinkedIn/Cutshort/Glassdoor via prior scrape),Yes,https://www.naukri.com/job-listings-react-native-developer-witmates-technology-pvt-ltd-indore-0-to-2-years-100221501414
Front End Developer,Xenpark Solutions,Indore,,0,5,,csv-import (Naukri/LinkedIn/Cutshort/Glassdoor via prior scrape),Yes,https://www.naukri.com/job-listings-front-end-developer-xenpark-solutions-indore-0-to-5-years-230524500519
React Native Developer - Indore - Yash Computech,Yash Computech,Indore,,1,3,,csv-import (Naukri/LinkedIn/Cutshort/Glassdoor via prior scrape),Yes,https://www.naukri.com/job-listings-react-native-developer-yash-computech-solutions-indore-1-to-3-years-241224503179
React Js Developer,Yashco Systems,Indore,,2,7,,csv-import (Naukri/LinkedIn/Cutshort/Glassdoor via prior scrape),Yes,https://www.naukri.com/job-listings-react-js-developer-yashco-systems-indore-2-to-7-years-150121500722
Frontend Developer (Reactjs) - at Gyrix TechnoLabs LLP,at Gyrix TechnoLabs LLP,Indore,,,,,csv-import (Naukri/LinkedIn/Cutshort/Glassdoor via prior scrape),Yes,https://cutshort.io/job/React-js-Developer-Indore-Gyrix-TechnoLabs-LLP-tdg502lN
Frontend Developer @detections.ai,detections.ai,Remote Worldwide,Yes,,,,csv-import (Naukri/LinkedIn/Cutshort/Glassdoor via prior scrape),Yes,https://remotive.com/remote/jobs/software-development/frontend-developer-5111379
.NET + Full Stack Developer (Frontend – React.js),iLogixworks,Indore,,,,,csv-import (Naukri/LinkedIn/Cutshort/Glassdoor via prior scrape),Yes,https://www.linkedin.com/posts/ritu-thakur-7a992b267_hiring-dotnet-reactjs-activity-7490088585455529984-odmp
React Native Developer,Wing Assistant,"New Delhi, India; Dhaka, Bangladesh; Manila, Philippines",Yes,,,2026-01-08,HireBase,,https://jobs.lever.co/getwingapp/423dee1e-a28c-4013-b2f6-ef2726170909
Frontend Developer - React / Angular,Talent500 INC,"Ahmedabad, Gujarat",,,,2026-03-28,Adzuna,Yes,https://www.adzuna.in/details/5680955905?utm_medium=api&utm_source=22d4b243
Full Stack Web Developer,Infosys,"Bangalore, Karnataka",,,,2026-04-15,Adzuna,,https://www.adzuna.in/details/5699477531?utm_medium=api&utm_source=22d4b243
Frontend Developer,Teamified,TELECOMMUTE; India,Yes,1,3,2026-04-30,HireBase,,https://jobs.workable.com/view/dKWutZBF7CK2iyssUHnq6Y/remote-frontend-developer-in-india-at-teamified
Frontend Developer,Post A Resume,"Ahmedabad, Gujarat",,,,2026-05-14,Adzuna (Ahmedabad),Yes,https://www.adzuna.in/details/5728387455?utm_medium=api&utm_source=22d4b243
Frontend Developer (UI / React / JavaScript / Next JS/ Node JS),Actide International,"Vadodara, Gujarat",,,,2026-05-15,Adzuna,,https://www.adzuna.in/details/5729664719?utm_medium=api&utm_source=22d4b243
Frontend Developer- React JS,Royal Cyber,"Bangalore, Karnataka",,,,2026-05-16,Adzuna,,https://www.adzuna.in/details/5730849763?utm_medium=api&utm_source=22d4b243
MERN Stack Developer  AI,Durapid Technologies Pvt Ltd,"Jaipur, Rajasthan",,,,2026-05-21,Adzuna,,https://www.adzuna.in/details/5735692316?utm_medium=api&utm_source=22d4b243
SDESubject Matter Expert: Frontend,Newton School,"Pune, Maharashtra",,,,2026-06-11,Adzuna,,https://www.adzuna.in/details/5759291765?utm_medium=api&utm_source=22d4b243
Frontend Developer (React & Expo),Moolya Software Testing Private Limited,"Bangalore, Karnataka",,,,2026-06-16,Adzuna,,https://www.adzuna.in/details/5765326892?utm_medium=api&utm_source=22d4b243
Mid MERN Developer,SolutionChamps,"Coimbatore, India",,2,,2026-06-17,huntyourtribe,,https://solutionchamps.com/mid-mern-developer
MERN Stack Developer,Hala Mobility,"Hyderabad, India",,2,,2026-06-23,huntyourtribe,,https://halamobility.in/career/6
Frontend Developer,Difinity Digital,"Kochi, India",,2,,2026-07-03,huntyourtribe,,https://difinitydigital.keka.com/careers/jobdetails/51906
"Frontend Developer, React.JS",Arrow Electronics,"Ahmedabad, Gujarat",,,,2026-07-09,Google Jobs,,https://www.shine.com/jobs/frontend-developer-reactjs/arrow-electronics/19207733?utm_campaign=google_jobs_apply&utm_source=google_jobs_apply&utm_medium=organic
React Frontend developer,Orion Innovation,"Coimbatore, Tamil Nadu",,,,2026-07-09,Adzuna,,https://www.adzuna.in/details/5794002197?utm_medium=api&utm_source=22d4b243
Frontend Developer Job in Narmadapuram,Shrimo Innovations,"Narmadapuram, Madhya Pradesh",,,,2026-07-11,Google Jobs,,https://shrimo.com/careers/frontend-developer-react-nextjs-narmadapuram?utm_campaign=google_jobs_apply&utm_source=google_jobs_apply&utm_medium=organic
React JS Intern & Trainee,Coderwing,Madhya Pradesh,,,,2026-07-14,Google Jobs,,https://in.indeed.com/viewjob?jk=9f67c283497956ec&utm_campaign=google_jobs_apply&utm_source=google_jobs_apply&utm_medium=organic
React Developer,Swan Softweb Solutions,"Ahmedabad, Gujarat",,1,3,2026-07-15,Google Jobs,,https://www.monster.co.th/job/react-developer-swan-softweb-solutions-ahmedabad-59166564
Frontend Developer (Fresher),Kuvaka Tech,"Indore, Madhya Pradesh",,,,2026-07-16,Google Jobs,Yes,https://www.shine.com/jobs/frontend-developer-fresher/kuvaka-tech/19217012?utm_campaign=google_jobs_apply&utm_source=google_jobs_apply&utm_medium=organic
MERN developer,Konrad,"Gurgaon, India",,0,,2026-07-17,huntyourtribe,,https://www.konrad.com/careers/job/mern-developer_7522838003
"React Developer - HTML, CSS, JavaScript",Swan Softweb Solutions,"Ahmedabad, Gujarat",,1,3,2026-07-18,Google Jobs,,https://www.shine.com/jobs/react-developer-html-css-javascript/swan-softweb-solutions/19227217
React.js Developer (Ahmedabad),ConceptServe Technologies,"Ahmedabad, Gujarat",,,,2026-07-19,Google Jobs,,https://www.kitjob.in/job/300209989/react-js-ahmedabad
Frontend Developer,World Goods Marketplace,"Ahmedabad, Gujarat",,,,2026-07-22,Adzuna,Yes,https://www.adzuna.in/details/5809892383?utm_medium=api&utm_source=22d4b243
SDE 1 - Frontend,SiftHub,"Mumbai, India",,1,,2026-07-23,huntyourtribe,,https://sifthub.careers-page.com/jobs/4381a4bc-9367-4991-b8f1-c2794497ac19
Full Stack Developer (React Js & Node Js) 2-3 Years Experience,atx technologies pvt ltd,"Bhopal, Madhya Pradesh",,2,3,2026-07-23,Google Jobs,,https://www.shine.com/jobs/full-stack-developer-react-js-node-js-2-3-years-experience/atx-technologies-pvt-ltd/19260005
Frontend Engineer,Eudia,"Bengaluru, India",,1,3,2026-07-24,HireBase,,https://job-boards.greenhouse.io/eudia/jobs/4163890009
Frontend Developer,Astound Digital,"Ahmedabad, Gujarat",,,,2026-07-25,Adzuna (Ahmedabad),Yes,https://www.adzuna.in/details/5814520333?utm_medium=api&utm_source=22d4b243
"Software Engineer – Java, Angular, AWS",NICE,"Sandy, USA",,2,,2026-07-25,huntyourtribe,,https://boards.eu.greenhouse.io/nice/jobs/4921997101?gh_jid=4921997101
React and React Native Frontend Developer,GoInstaCare - For All Your Care Needs,"Indore, Madhya Pradesh",,,,2026-07-27,Google Jobs,Yes,https://bebee.com/in/jobs/react-and-react-native-frontend-developer-goinstacare-for-all-your-care-needs-indore--fj-2281647390?utm_campaign=google_jobs_apply&utm_source=google_jobs_apply&utm_medium=organic
Software Engineer CVP - Frontend,Arista Networks,"Bangalore, Karnataka",,,,2026-07-28,Adzuna,,https://www.adzuna.in/details/5817921273?utm_medium=api&utm_source=22d4b243
Frontend-Focused Full Stack Developer,Hangar,Mexico - Mexico City; Parugauy - Asuncion; Guatemala- Guatemala City; South Africa - Johannesburg; Columbia - Bogotá; Peru - Lima; India - Mumbai; Nicaragua - Managua; Argentina - Buenos Aires; Honduras - Tegucigalpa; South Africa - Cape Town,Yes,1,3,2026-07-28,HireBase,,https://jobs.ashbyhq.com/hirehangar/57163aab-396a-4767-bdb4-b9733c1b68b0
Associate Front-end Software Engineer,Light & Wonder,"Pune, India",,1,2,2026-07-29,HireBase,,https://lnw.wd5.myworkdayjobs.com/LightWonderExternalCareers/job/Pune-India/Associate-Front-end-Software-Engineer_R322528
Full Stack Engineer (Frontend Focus),Auxo AI,"Bangalore, Karnataka",,,,2026-07-30,Adzuna,,https://www.adzuna.in/details/5820996369?utm_medium=api&utm_source=22d4b243
Junior WordPress Frontend Developer,Bliss Web Solution Pvt.,"Ahmedabad, India",,0,1,2026-07-30,HireBase,,https://blisswebsolution.keka.com/careers/jobdetails/136276
React Frontend Developer,Increasingly,"Bangalore, Karnataka",,,,2026-07-30,Adzuna,,https://www.adzuna.in/details/5820554558?utm_medium=api&utm_source=22d4b243
ReactJs Developer - Urgent Role (Ahmedabad),Nameless,"Ahmedabad, Gujarat",,,,2026-07-30,Google Jobs,,https://www.shine.com/jobs/reactjs-developer-urgent-role-ahmedabad/nameless/19338422?utm_campaign=google_jobs_apply&utm_source=google_jobs_apply&utm_medium=organic
Zoho Frontend Developer,Nurture Spark Digital LLC,"Payyannur Taluk, Kerala, India",,,,2026-07-30,career-site-jobs,,https://nurturespark.zohorecruit.com/jobs/Careers/700054000006260150/Zoho-Frontend-Developer
reputed company reputed company-End Developer - React.js,FlexBoard,Anywhere,Yes,,,2026-07-31,Google Jobs,,https://flexboard.9y.liveblog365.com/job/3074971?utm_campaign=google_jobs_apply&utm_source=google_jobs_apply&utm_medium=organic
Frontend Developer (React.js) | 1–6 Months Experience,Big Feathers,"New Delhi, Delhi",,0,1,2026-08-02,Google Jobs,,https://bebee.com/in/jobs/frontend-developer-reactjs-16-months-experience-big-feathers-delhi-delhi--t7xk-786893539
React Native Frontend Developer - Internship (WFH),Crecox,Anywhere,Yes,,,2026-08-02,Google Jobs,,https://internshala.com/internship/detail/work-from-home-react-native-frontend-developer-internship-at-crecox1785745578?utm_campaign=google_jobs_apply&utm_source=google_jobs_apply&utm_medium=organic
"Hiring ""Junior Developer (React.js, Node.js, Express.js, Java"" @AulNova Techsoft",AulNova Techsoft Ind Private Limited,"Noida, Uttar Pradesh",Yes,,,2026-08-03,TheirStack,,https://www.linkedin.com/jobs/view/4446229212/
Junior Full Stack Developer (MERN / Next.js),Crobstacle Ventures,Bengaluru,,,,2026-08-03,TheirStack,,https://www.naukri.com/job-listings-junior-full-stack-developer-mern-next-js-crobstacle-bengaluru-0-to-4-years-030826505068
React.js Developer (Fresher),ESTANOVA TECH SOL,"Chandkheda, Ahmedabad, Gujarat",,0,1,2026-08-03,TheirStack,,http://in.indeed.com/job/reactjs-developer-fresher-b013a560861cd413
Frontend Developer Intern,Kraya Concepts,Nagpur,,,,2026-08-03,TheirStack,,https://www.naukri.com/job-listings-frontend-developer-intern-kraya-nagpur-0-to-1-years-030826505329
Front-end Developer,Photon,India,,1,3,2026-08-03,HireBase,,https://fa-ertb-saasfaprod1.fa.ocs.oraclecloud.com/hcmUI/CandidateExperience/en/sites/CX_2/job/26552
Frontend Developer (Intern),Pjsofttech,Pune,,,,2026-08-03,TheirStack,,https://www.naukri.com/job-listings-frontend-developer-intern-pjsofttech-pvt-ltd-pune-0-to-1-years-030826503854
Frontend Engineer (India),VectorShift,IN,Yes,,,2026-08-03,JobsPipe,,https://www.ycombinator.com/companies/vectorshift/jobs/KOjZmt3-frontend-engineer-india
Lead Frontend Engineer (all genders),ABOUT YOU,"Hamburg, Hamburg, Germany",,,,2026-08-04,JobsPipe,,https://de.linkedin.com/jobs/view/lead-frontend-engineer-all-genders-at-about-you-4448297185
React Frontend Developer,AIManager360,"San Francisco, CA",,,,2026-08-04,JobsPipe,,https://www.linkedin.com/jobs/view/react-frontend-developer-at-aimanager360-4446684316
Frontend Developer,Attr AI,"Eu, Normandy, France",,,,2026-08-04,JobsPipe,,https://fr.linkedin.com/jobs/view/frontend-developer-at-attr-ai-4448864058
Frontend Engineer (Data Viz) - Remote Work | REF#299921,BairesDev,Mexico,Yes,,,2026-08-04,JobsPipe,,https://mx.linkedin.com/jobs/view/frontend-engineer-data-viz-remote-work-ref%23299921-at-bairesdev-4449092432
Frontend Developer Intern,Blue Enigma,Delhi,,,,2026-08-04,TheirStack,,https://www.linkedin.com/jobs/view/4448275923/
ReactJS (Frontend) Developer (Intern ),BrainZet Technologies,"Amritsar, Punjab",Yes,,,2026-08-04,TheirStack,,https://www.linkedin.com/jobs/view/4446695585/
"Frontend Engineer, Growth & Agents",EvenUp,"Toronto, Ontario, Canada",,,,2026-08-04,JobsPipe,,https://ca.linkedin.com/jobs/view/frontend-engineer-growth-agents-at-evenup-4439460468
Angular & React.js Developer,ExcelPTP Solutions,"Ahmedabad, Gujarat",,0.5,2,2026-08-04,Google Jobs,,https://bebee.com/in/jobs/angular-reactjs-developer-excelptp-ahmedabad--t7xk-788867001
Junior Frontend Developer,Haystack,"Washington, DC",,,,2026-08-04,JobsPipe,,https://www.linkedin.com/jobs/view/junior-frontend-developer-at-haystack-4446655293
UI Developer with Angular JS,IQVIA,"Bangalore, India",,2,2,2026-08-04,HireBase,,https://iqvia.wd1.myworkdayjobs.com/IQVIA/job/Bangalore-India/UI-Developer-with-React-JS-Angular_R1530470-1
Frontend Engineer at Stealth AI-powered retention startup,Jack & Jill,"San Francisco, CA",,,,2026-08-04,JobsPipe,,https://www.linkedin.com/jobs/view/frontend-engineer-at-stealth-ai-powered-retention-startup-at-jack-jill-4448576206
Frontend Developer,Listenery AI,"Bangalore Urban, Karnataka, India",,,,2026-08-04,JobsPipe,,https://in.linkedin.com/jobs/view/frontend-developer-at-listenery-ai-4446627481
Frontend Developer - Web & Templates (w/m/d),MOGIC,"Leipzig, Saxony, Germany",,,,2026-08-04,JobsPipe,,https://de.linkedin.com/jobs/view/frontend-developer-web-templates-w-m-d-at-mogic-4449059476
Junior Full Stack Developer (React Native + Spring Boot),OMS Business Digitalisation Pvt Ltd,Greater Bengaluru Area,,,,2026-08-04,TheirStack,,https://www.linkedin.com/jobs/view/4449072632/
Founding engineer - Frontend Development intern,Recollia,,,,,2026-08-04,TheirStack,,https://www.linkedin.com/jobs/view/4448508801/
Frontend developer,Sterksen,"Soest, Utrecht, Netherlands",,,,2026-08-04,JobsPipe,,https://nl.linkedin.com/jobs/view/frontend-developer-at-sterksen-4438719948
Junior Frontend Developer,TeamLease,Gurugram,,,,2026-08-04,TheirStack,,https://www.naukri.com/job-listings-junior-frontend-developer-teamlease-gurugram-2-to-6-years-040826033299
Frontend Developer Internship,Thundertribes,"Bengaluru, Karnataka",Yes,,,2026-08-04,TheirStack,,https://www.linkedin.com/jobs/view/4449015283/
AI Frontend Engineer Intern,Top Gen AI Jobs,"Bengaluru, Karnataka",,,,2026-08-04,TheirStack,,https://www.linkedin.com/jobs/view/4448828222/
Frontend Developer,Volta,"Palo Alto, CA",,,,2026-08-04,JobsPipe,,https://www.linkedin.com/jobs/view/frontend-developer-at-volta-4448510969
Frontend Engineer,Xupyter Solutions Pvt Ltd,"Moorland, England, United Kingdom",,,,2026-08-04,JobsPipe,,https://uk.linkedin.com/jobs/view/frontend-engineer-at-xupyter-solutions-pvt-ltd-4449077501
FRONT END DEVELOPER,AATMIA DIGITAL MARKETING AND SECURITY PRIVATE LIMITED,"Chennai, Tamil Nadu, India",,,,2026-08-05,JobsPipe,,https://in.linkedin.com/jobs/view/front-end-developer-at-aatmia-digital-marketing-and-security-private-limited-4448900833
React Native Developer Intern,Ada Loveace Technologies LLP,"Navi Mumbai, Maharashtra",,,,2026-08-05,TheirStack,,http://in.indeed.com/job/react-native-developer-intern-ed354d2601f9a956
React Native Developer,Azeosoft Web Technologies,Remote,Yes,,,2026-08-05,TheirStack,,https://www.azeosoft.com/careers
React Full Stack Developer Master Class,BLUEFOXLABS,"Kochi, Kerala",,,,2026-08-05,TheirStack,,https://www.linkedin.com/jobs/view/4448990723/
Full Stack Developer Intern (React.js + Node.js),Balakrishnan R,Chennai,,,,2026-08-05,TheirStack,,https://www.naukri.com/job-listings-full-stack-developer-intern-react-js-node-js-balakrishnan-r-chennai-0-to-1-years-050826023539
React JS Developer (Banking OR Fintech Domain ONLY),Capital Numbers Infotech,Kolkata,Yes,,,2026-08-05,TheirStack,,https://www.naukri.com/job-listings-react-js-developer-banking-or-fintech-domain-only-capital-numbers-infotech-kolkata-5-to-8-years-050826027118
Executive - Web Developer,Credility,"Borivali, Maharashtra",,,,2026-08-05,TheirStack,,https://www.linkedin.com/jobs/view/4449431429/
Associate - Frontend Developer,EXL,"Noida, Uttar Pradesh, India",,,,2026-08-05,career-site-jobs,,https://fa-ewjt-saasfaprod1.fa.ocs.oraclecloud.com/hcmUI/CandidateExperience/en/sites/CX_1/job/17481
React Developer,Glossary Hub,Pune,,,,2026-08-05,TheirStack,,https://www.naukri.com/job-listings-react-developer-glossary-hub-pune-0-to-2-years-050826031576
JavaScript Developer (React),Infinite Enterprise Consulting,"Ahmedabad, Gujarat",,0,3,2026-08-05,Google Jobs,,https://infiniteec.com/jobs/javascript-developer/
Frontend Developer,Invorush,"Kolkata, West Bengal",,,,2026-08-05,TheirStack,,https://www.linkedin.com/jobs/view/4449484183/
React JS_MS,LG Electronics,"Bengaluru, Karnataka",,,,2026-08-05,TheirStack,,https://globalcareers.lge.com/jobs/a6a72d1608aeed
Full Stack Developer Intern (React.js + Node.js),Nayoda IT Solutions,Chennai,Yes,,,2026-08-05,TheirStack,,https://www.naukri.com/job-listings-full-stack-developer-intern-react-js-node-js-nayoda-it-solutions-chennai-0-to-0-years-050826025212
Web Designer / UI Developer,Official Gates Technologies Private Limited,"Chennai, Tamil Nadu",,,,2026-08-05,TheirStack,,https://www.linkedin.com/jobs/view/4448933949/
React Native Developer-Microsoft Tech(Contract-Offshore Remote),Radiantpath Talent Solutions,Pune,Yes,,,2026-08-05,TheirStack,,https://www.naukri.com/job-listings-react-native-developer-microsoft-tech-contract-offshore-remote-radiantpath-talent-solutions-pune-7-to-12-years-050826023349
Frontend Developer,SaathiMed,"Itanagar, Arunachal Pradesh",,,,2026-08-05,TheirStack,,https://www.linkedin.com/jobs/view/4447357455/
Java React - Full Stack Developer,Synechron,"Bengaluru, Hyderabad",,,,2026-08-05,TheirStack,,https://www.naukri.com/job-listings-java-react-full-stack-developer-synechron-hyderabad-bengaluru-6-to-11-years-050826020808
React Native Frontend Developer,Tanu Maheshwari,"Delhi, NCR",,,,2026-08-05,TheirStack,,https://www.naukri.com/job-listings-react-native-frontend-developer-tanu-maheshwari-delhi-ncr-0-to-1-years-050826005900
Frontend Developer- Intern,Trackier,"Noida, Uttar Pradesh",,,,2026-08-05,TheirStack,,https://www.linkedin.com/jobs/view/4449446916/
Frontend Developer (React.js),Trendlyne Technologies,"Bangalore, Karnataka",,2,3,2026-08-05,Adzuna,,https://www.adzuna.in/details/5828959257
FRONT-END,VRcafe - Let’s Play!,"Ekangarsarai, Bihar",,,,2026-08-05,TheirStack,,https://www.linkedin.com/jobs/view/4449457896/
React JS Developer,Vzenn,Hyderabad,,,,2026-08-05,TheirStack,,https://www.naukri.com/job-listings-react-js-developer-vzenn-hyderabad-0-to-1-years-050826024303
Front End Developer Intern | Remote,Wake Up Whistle,,Yes,,,2026-08-05,TheirStack,,https://www.linkedin.com/jobs/view/4448927972/
Front-End Developer,Websultanate Software Technologies Pvt Ltd,"Lucknow, Uttar Pradesh",,,,2026-08-05,TheirStack,,https://www.linkedin.com/jobs/view/4449447649/
Full-Stack Engineer (React / Node),Zillion Digital Technologies Pvt Ltd.,Greater Kolkata Area,,,,2026-08-05,TheirStack,,https://www.linkedin.com/jobs/view/4449456175/
Frontend-Webentwickler (m/w/d),e-vendo AG,"Warangal Rural, Telangana, India",,,,2026-08-05,JobsPipe,,https://in.linkedin.com/jobs/view/frontend-webentwickler-m-w-d-at-e-vendo-ag-4448593690
Frontend Developer,internmo,,,,,2026-08-05,TheirStack,,https://www.linkedin.com/jobs/view/4448927847/
"Frontend UI/UX Developer (Part-time, 3mo project)",Jobgether (for client),Remote (India-eligible),Yes,1,3,2026-08-07,HireBase,Yes,https://jobs.lever.co/jobgether/c8b615cb-a1e1-4e04-857a-81ebcd828d90
Mid Level Full Stack Developer (React / Next.js),Simplso It Solutions,"Ahmedabad, Gujarat",,,,2026-08-08,Google Jobs,Yes,https://in.jobrapido.com/jobpreview/8704328724499136512
"Frontend Developer (Vue.JS, ReactJS)",Tech Initiator,"Ahmedabad, Gujarat",,,,2026-08-08,Google Jobs,Yes,https://www.shine.com/jobs/frontend-developer-vuejs-reactjs-ahmedabad/tech-initiator/19416388
Frontend Developer (Remote),,Remote,Yes,,,2026-08-10,JobsPipe (Remote),Yes,https://www.linkedin.com/jobs/view/frontend-developer-remote-at-gesund-ai-4449555595
"Frontend Engineer - Angular, JavaScript (Remote)",,Remote,Yes,,,2026-08-10,JobsPipe (Remote),Yes,https://au.linkedin.com/jobs/view/frontend-engineer-angular-javascript-remote-at-hire-feed-4451391733
Frontend Engineer (Remote),,Remote,Yes,,,2026-08-10,JobsPipe (Remote),Yes,https://www.linkedin.com/jobs/view/frontend-engineer-remote-at-hire-feed-4451540697
JavaScript Frontend Developer (Remote),,Remote,Yes,,,2026-08-10,JobsPipe (Remote),Yes,https://ca.linkedin.com/jobs/view/javascript-frontend-developer-remote-at-quik-hire-staffing-4451538015
UI Engineer (Remote),,Remote,Yes,,,2026-08-10,JobsPipe (Remote),Yes,https://www.linkedin.com/jobs/view/ui-engineer-remote-at-hire-feed-4451544587
Full Stack Developer (Python & React),BeamX TechLabs Pvt. Ltd.,"Hyderabad, Telangana",,,,2026-08-10,TheirStack (fresh pull),Yes,http://in.indeed.com/job/full-stack-developer-python-react-f49249358f52f5cd
Jr. Frontend Developer (Angular),Enzigma Solutions,"Pune, Maharashtra",,0,1,2026-08-10,TheirStack (fresh pull),Yes,https://www.naukri.com/job-listings-jr-frontend-developer-angular-enzigma-solutions-pune-0-to-1-years-100826022251
React Js Developer,Godigi Infotech,"Pune, Maharashtra",,0,1,2026-08-10,TheirStack (fresh pull),Yes,https://www.naukri.com/job-listings-react-js-developer-godigi-infotech-pune-0-to-1-years-100826501117
Full Stack Web Developer,Ind.Enhancer,Remote/unspecified,,,,2026-08-10,TheirStack,Yes,https://www.linkedin.com/jobs/view/4451104192/
Fresher Next.JS Developer,Jalandhar Recruiter (Khushwant Sampla),"Jalandhar, Punjab",,0,1,2026-08-10,TheirStack,Yes,http://in.indeed.com/job/fresher-nextjs-developer-5d4187b4e951b6c9
"Full Stack Developer (Next.js, React.js, Node.js, SQL)",Jasper Software Solutions,"Didwana, Rajasthan",,,,2026-08-10,TheirStack,Yes,http://in.indeed.com/job/full-stack-developer-nextjs-reactjs-nodejs-sql-95a09d40c872b6f0
Web Developer,Mouser Electronics,"Bengaluru, Karnataka",,,,2026-08-10,JobsPipe (fresh pull),Yes,https://in.linkedin.com/jobs/view/web-developer-at-mouser-electronics-4383082463
JavaScript Frontend Developer (Remote),Quik Hire Staffing,Remote,Yes,,,2026-08-10,TheirStack,Yes,https://www.linkedin.com/jobs/view/4451386482/
Frontend Developer (React) (Remote),Quik Hire Staffing,Remote,Yes,,,2026-08-10,TheirStack,Yes,https://www.linkedin.com/jobs/view/4451374908/
Web Developer,Relay Express,"Bhopal, Madhya Pradesh",,1,3,2026-08-10,TheirStack (fresh pull),Yes,https://www.naukri.com/job-listings-web-developer-relay-express-pvt-ltd-bhopal-1-to-3-years-100826501081
Web Developer,Relay Express,"Ahmedabad, Gujarat",,1,3,2026-08-10,TheirStack (fresh pull),Yes,https://www.naukri.com/job-listings-web-developer-relay-express-pvt-ltd-ahmedabad-1-to-3-years-100826501088
Web Developer,Triwits Technologies,"Bengaluru, Karnataka",,1,4,2026-08-10,TheirStack (fresh pull),Yes,https://www.naukri.com/job-listings-web-developer-triwits-technologies-bengaluru-1-to-4-years-100826501333
Frontend Developer | React.js | JavaScript | HTML | CSS,Wake Up Whistle,Remote,Yes,,,2026-08-10,TheirStack,Yes,https://www.linkedin.com/jobs/view/4451102314/
MERN Stack Developer | MongoDB | Express.js | React | Node.js,Wake Up Whistle,Remote,Yes,,,2026-08-10,TheirStack,Yes,https://www.linkedin.com/jobs/view/4451110340/
MERN Stack Developer,WisewayTec,"Mohali, Punjab",,1,,2026-08-10,JobsPipe (fresh pull),Yes,https://www.indeed.com/viewjob?jk=b286a20c1d8d623d
MERN Stack Developer,Wrathcode Technology Pvt. Ltd.,"Jaipur, Rajasthan",,,,2026-08-10,TheirStack,Yes,https://www.linkedin.com/jobs/view/4450088975/
Frontend Web Developer,Aarvasa,"Bhopal, Madhya Pradesh",,,,2026-08-11,"Google Jobs via SerpApi (Bhopal, Madhya Pradesh, India)",Yes,https://bebee.com/in/jobs/frontend-web-developer-aarvasa-bhopal--t7xk-794158544?utm_campaign=google_jobs_apply&utm_source=google_jobs_apply&utm_medium=organic
Front End Web Developer,Endeavor IT Solution,"Bhopal, Madhya Pradesh",,,,2026-08-11,"Google Jobs via SerpApi (Bhopal, Madhya Pradesh, India)",Yes,https://www.shine.com/jobs/front-end-web-developer/endeavor-it-solution/19256516?utm_campaign=google_jobs_apply&utm_source=google_jobs_apply&utm_medium=organic
React Frontend developer,FlexBoard,Anywhere,,,,2026-08-11,Google Jobs via SerpApi (India),Yes,https://flexboard.9y.liveblog365.com/job/3147777?utm_campaign=google_jobs_apply&utm_source=google_jobs_apply&utm_medium=organic
Frontend Developer Remote (Ahmedabad),FunEx,"Ahmedabad, Gujarat",,2,3,2026-08-11,"Google Jobs via SerpApi (Ahmedabad, Gujarat, India)",Yes,https://www.shine.com/jobs/frontend-developer-remote-ahmedabad/funex/19185435?utm_campaign=google_jobs_apply&utm_source=google_jobs_apply&utm_medium=organic
Frontend Developer React,MarketBeam,"Bhopal, Madhya Pradesh",,,,2026-08-11,"Google Jobs via SerpApi (Bhopal, Madhya Pradesh, India)",Yes,https://getmereferred.com/job-listing/frontend-developer-react-marketbeam-bhopal-2-to-5-years-experience-c50e0ab0-d22a-4bc4-90ef-f46ea3b5c244?utm_campaign=google_jobs_apply&utm_source=google_jobs_apply&utm_medium=organic
"Frontend Web Developer (HTML/CSS/JS), India, C1/C2",OpenTrain AI,Anywhere,,2,3,2026-08-11,Google Jobs via SerpApi (India),Yes,https://www.opentrain.ai/jobs/web-developer-html-css-js-india-c1-c2-english-required--1736495930515x593963336535375900/?utm_campaign=google_jobs_apply&utm_source=google_jobs_apply&utm_medium=organic
Frontend Web Developer (Jaipur),Utsav Fashion,"Jaipur, Rajasthan",,,,2026-08-11,"Google Jobs via SerpApi (Jaipur, Rajasthan, India)",Yes,https://www.kitjob.in/job/301207415/frontend-web-developer-jaipur?utm_campaign=google_jobs_apply&utm_source=google_jobs_apply&utm_medium=organic
Frontend Developer,beyondcc:,"Bhopal, Madhya Pradesh",,2,3,2026-08-11,"Google Jobs via SerpApi (Bhopal, Madhya Pradesh, India)",Yes,https://wellfound.com/jobs/3298825-frontend-developer?utm_campaign=google_jobs_apply&utm_source=google_jobs_apply&utm_medium=organic
React Frontend Developer,vacancy global pro,Anywhere,,2,3,2026-08-11,Google Jobs via SerpApi (India),Yes,https://vacancyglobalpro.up.railway.app/job/react-frontend-developer-1?utm_campaign=google_jobs_apply&utm_source=google_jobs_apply&utm_medium=organic
