title,company,location,priority_tier,posted,experience_note,source,url
Junior Frontend Developer (React.js),Mindmappers Educational Services LLP,"Indore, Madhya Pradesh",1-Indore,2026-08-17,entry_level,JobsPipe/Indeed,https://www.indeed.com/viewjob?jk=62b831bb890e3da2
React Developer-6,Diacto Labs,India,6-Overflow,16 hours ago,not stated,Google Jobs/LinkedIn,https://in.linkedin.com/jobs/view/react-developer-6-at-diacto-labs-4455330378
HTML Forms Developer (Electron JS & React JS),Victrix Systems & Labs,"Mumbai, Maharashtra",6-Overflow,2026-08-18,not stated,Adzuna,https://www.adzuna.in/details/5845822215
Frontend Developer (Next.js React.js),GrubPac Technologies,"Delhi, India",6-Overflow,2026-08-17,entry_level,JobsPipe/LinkedIn,https://in.linkedin.com/jobs/view/frontend-developer-next-js-react-js-at-grubpac-technologies-4454241134
Frontend Developer,Ceryneian Partners,"Noida, Uttar Pradesh",6-Overflow,2026-08-17,entry_level,JobsPipe/LinkedIn,https://in.linkedin.com/jobs/view/frontend-developer-at-ceryneian-partners-4454408659
React Developer,NTT DATA,"Gurugram, Haryana",6-Overflow,2026-08-17,not stated,JobsPipe/Indeed,https://www.indeed.com/viewjob?jk=8fc8b137d4b1e558
Frontend Developer,WeeTech Solution Pvt Ltd,"Surat, Gujarat",6-Overflow,2026-08-16,not stated,Adzuna,https://www.adzuna.in/details/5844408654
React Developer,Scott Sheldon India Pvt. Ltd,"Nagpur, Maharashtra",6-Overflow,2026-08-16,not stated,JobsPipe/Indeed,https://www.indeed.com/viewjob?jk=80074dd814497883
UI Engineer,Proofpoint,"Bengaluru, Karnataka",6-Overflow,2026-08-16,not stated,JobsPipe/LinkedIn,https://in.linkedin.com/jobs/view/ui-engineer-at-proofpoint-4427939646
MERN Stack Developer,RIOD Logic,"Thrissur, Kerala",6-Overflow,2026-08-17,not stated,JobsPipe/Indeed,https://www.indeed.com/viewjob?jk=e4129b9870bea0c2
MERN Stack Developer,Sparks To Ideas,"Amreli, Gujarat",6-Overflow,2026-08-16,not stated,JobsPipe/LinkedIn,https://in.linkedin.com/jobs/view/mern-stack-developer-at-sparks-to-ideas-4453960982
Frontend Developer,Codeyoung,"Bengaluru, Karnataka",FLAG-verify_experience,2026-08-17,mid_level (source tag - verify JD before applying),JobsPipe/LinkedIn,https://in.linkedin.com/jobs/view/frontend-developer-at-codeyoung-4455269730
Frontend Developer,InCred Financial Services,"Bengaluru, Karnataka",FLAG-verify_experience,2026-08-17,mid_level (source tag - verify JD before applying),JobsPipe/LinkedIn,https://in.linkedin.com/jobs/view/frontend-developer-at-incred-financial-services-4446725765
Frontend Developer,MaxIQ,"Pune, Maharashtra",FLAG-verify_experience,2026-08-17,mid_level (source tag - verify JD before applying),JobsPipe/LinkedIn,https://in.linkedin.com/jobs/view/frontend-developer-at-maxiq-4454245456
