priority,title,company,location,work_mode,age_days,experience_required,salary,source,url,notes
1,React JS Developer,Bestpeers,"Indore, MP",On-site,,1-5 yrs,,google-jobs,https://bestpeers.com/jobs/react-js-developer/,POSTING DATE NOT AVAILABLE - not verified as <72h
1,React Js Developer,She Think Pvt. Ltd.,"Indore, MP",On-site,,1-3 yrs,INR 2-8 LPA,google-jobs,https://cutshort.io/job/React-Js-Developer-Indore-She-Think-Pvt-Ltd--Tn1I6Hji,POSTING DATE NOT AVAILABLE - not verified as <72h; wants immediate joiner / 15 days
2,React Native Developer,Vedantic Technologies,Remote (India),Remote,2.1,1-3 yrs,INR 14k-65k/mo,jobspipe,https://www.indeed.com/viewjob?jk=954b0a8bb2e4a02d,Apply via hr@vedantictechnologies.com - React Native not web React
2,Freelance Frontend Developer (Landing Pages & Websites),Mindrift,Remote (India),Remote,2.3,,,adzuna,https://www.adzuna.in/details/5837613722,Part-time contract - React/Next.js landing pages
2,Associate Software Engineer,Computo Plus,Remote (India),Remote,1.8,0-2 yrs,INR 3-6 LPA,jobspipe,https://www.indeed.com/viewjob?jk=e309091aa7cf4ce7,Java/Spring backend - NOT frontend
2,Associate Software Developer (React JS),Iron Mountain,India,,0.7,Associate level,,adzuna,https://www.adzuna.in/details/5840369441,Title reads junior; full JD not fetched
6,Associate Frontend Developer,Vinove,"Noida, UP",On-site,1.6,1-2 yrs,,hirebase,https://vinove.keka.com/careers/jobdetails/137625,STRONGEST EXP MATCH - explicit 1-2 yrs frontend
6,Front End Developer,The Web Studio (TWS),"Kozhikode, Kerala",On-site,0.1,0-2 yrs (freshers ok),INR 15-20k/mo,jobspipe,https://www.indeed.com/viewjob?jk=e07aa12df81adc37,Freshers with strong React projects welcome; apply via WhatsApp +919037206737
6,Front End Developer,Andro Buddy Technologies Pvt. Ltd.,"Baner, Pune",On-site,0.3,1+ yr,INR 2.5-5.5 LPA,jobspipe,https://www.indeed.com/viewjob?jk=59ddf9fadede173d,React/Next.js + AI team; F2F interview required
6,Web Developer,MindCode lab pvt. ltd.,"Mohali, Punjab",On-site,0.3,Fresher / 0-6 mo,INR 12-18k/mo,jobspipe,https://www.indeed.com/viewjob?jk=e9405bde24ade1a5,Freshers explicitly welcome; PHP/MySQL leaning
6,Frontend - Apprentice,Neuron 7,Bengaluru,Hybrid,2.8,2026 grad / entry,,career-site,https://jobs.lever.co/neuron7/3e5b2afa-c8f0-4ad0-adea-34e7604773cc,Contractual apprentice role; 2026 pass-out
6,Web Developer,Zyntics Labs LLP,"Nagercoil, TN",On-site,0.4,1+ yr,INR 12-15k/mo,jobspipe,https://www.indeed.com/viewjob?jk=11695a726f669068,WordPress/Shopify heavy
6,MERN Stack Developer,Skillmount Education Pvt Ltd,"Tirur, Kerala",Hybrid,1.1,6+ months,INR 12-15k/mo,jobspipe,https://www.indeed.com/viewjob?jk=dabb80e7de558654,Short-term contract project
6,UI Engineer / Front End Engineer - Specialist,PwC,Bengaluru,On-site,1.8,1+ yr,,career-site,https://pwc.wd3.myworkdayjobs.com/CRM_Experienced_Careers_Site/job/Bangalore/UI-Engineer---Front-End-Engineer---Specialist_751976WD,WARNING posting closes 2026-08-14 (today)
6,UI Engineer / Front End Engineer - Specialist,PwC,Bengaluru,On-site,1.8,1+ yr,,career-site,https://pwc.wd3.myworkdayjobs.com/CRM_Experienced_Careers_Site/job/Bangalore/UI-Engineer---Front-End-Engineer---Specialist_751972WD,Second req ID for same role
6,Software Engineer,Cummins,"Pune, MH",On-site,1.6,1-4 yrs,,hirebase,https://fa-espx-saasfaprod1.fa.ocs.oraclecloud.com/hcmUI/CandidateExperience/en/sites/CX_1/job/2435096,General SWE not frontend-specific
7,Frontend Developer (React.js / Next.js),Futuready Media,"Mumbai, MH",On-site,0.2,2-4 yrs,INR 30-45k/mo,jobspipe,https://www.indeed.com/viewjob?jk=46226227c10ba854,ABOVE 2YR CEILING - React/Next/GSAP/Three.js; wants AI-tool experience
7,Front End Developer,Pixel Mind IT Solutions,"HSR Layout, Bengaluru",On-site,0.4,2-3 yrs,,jobspipe,https://www.indeed.com/viewjob?jk=7c584e4431484fb5,ABOVE 2YR CEILING
7,UI/Front End Developer,Womennnovator,Delhi,On-site,0.4,2-5 yrs,,jobspipe,https://www.indeed.com/viewjob?jk=a1c417bb2e281760,ABOVE 2YR CEILING
7,SDE 1 Frontend Developer,Recruitment Hub 365,Bangalore,Hybrid,1.0,2-3 yrs,INR 7-8 LPA,jobspipe,https://www.indeed.com/viewjob?jk=182660869ea8218f,ABOVE 2YR CEILING - Contract-to-hire 6 months
7,Software Engineer (Fullstack) Collections,Postman,"Bengaluru, KA",On-site,0.3,2-4 yrs,,greenhouse,https://job-boards.greenhouse.io/postman/jobs/7858498003,ABOVE 2YR CEILING - Node/TS backend-leaning; 5 days office by year end
7,Associate Software Engineer,Sandisk,"Bengaluru, KA",On-site,0.6,2-4 yrs,,hirebase,https://jobs.smartrecruiters.com/Sandisk/744000143484419-associate-software-engineer,ABOVE 2YR CEILING
7,Custom Software Engineer,Accenture,"Hyderabad, TG",On-site,1.6,2 yrs,,hirebase,https://accenture.wd103.myworkdayjobs.com/AccentureCareers/job/Hyderabad/Custom-Software-Engineer_ATCI-5695256,AT 2YR CEILING
7,Software Engineer,bp,"Pune, MH",On-site,1.6,2-3 yrs,,hirebase,https://bpinternational.wd3.myworkdayjobs.com/bpPrivateExternalCareersSite/job/India---Pune/Software-Engineer_,ABOVE 2YR CEILING - URL may be truncated
7,Software Engineer 2,"Modernizing Medicine, Inc.","Hyderabad, TG",On-site,1.6,2-4 yrs,,hirebase,https://modmed.wd501.myworkdayjobs.com/ModMed12/job/Hyderabad-India/Software-Engineer-2-1_R4361,ABOVE 2YR CEILING
